{"cameraMode":{"drawMode":0,"name":"Shaded","section":"Shading Mode"},"sceneLighting":false,"audioPlay":false,"sceneViewState":{"showFog":true,"showMaterialUpdate":false,"showSkybox":false,"showFlares":true,"showImageEffects":true,"showParticleSystems":true},"in2DMode":false,"pivot":{"x":5.864250659942627,"y":0.29177427291870119,"z":2.3967843055725099},"rotation":{"x":0.5801376104354858,"y":-0.0012217771727591754,"z":0.000870207033585757,"w":0.8145174980163574},"size":2.3390767574310304,"orthographic":false}