{"cameraMode":{"drawMode":0,"name":"Shaded","section":"Shading Mode"},"sceneLighting":false,"audioPlay":false,"sceneViewState":{"showFog":true,"showMaterialUpdate":false,"showSkybox":false,"showFlares":true,"showImageEffects":true,"showParticleSystems":true},"in2DMode":false,"pivot":{"x":13.242246627807618,"y":1.0999525785446168,"z":15.880000114440918},"rotation":{"x":0.22287021577358247,"y":0.7089548110961914,"z":-0.2554972469806671,"w":0.6184173822402954},"size":1.07553231716156,"orthographic":false}