{"cameraMode":{"drawMode":0,"name":"Shaded","section":"Shading Mode"},"sceneLighting":true,"audioPlay":false,"sceneViewState":{"showFog":true,"showMaterialUpdate":false,"showSkybox":true,"showFlares":true,"showImageEffects":true,"showParticleSystems":true},"in2DMode":false,"pivot":{"x":15.582347869873047,"y":0.9634637832641602,"z":3.8437652587890627},"rotation":{"x":0.6429900527000427,"y":-0.00345349102281034,"z":0.002886527217924595,"w":0.7658726572990418},"size":12.204207420349121,"orthographic":true}