{"cameraMode":{"drawMode":0,"name":"Shaded","section":"Shading Mode"},"sceneLighting":true,"audioPlay":false,"sceneViewState":{"showFog":true,"showMaterialUpdate":false,"showSkybox":true,"showFlares":true,"showImageEffects":true,"showParticleSystems":true},"in2DMode":false,"pivot":{"x":7.89164400100708,"y":1.998899221420288,"z":1.5593326091766358},"rotation":{"x":0.08484971523284912,"y":-0.4236128628253937,"z":0.03989443555474281,"w":0.9009788036346436},"size":1.34064519405365,"orthographic":true}