{"cameraMode":{"drawMode":0,"name":"Shaded","section":"Shading Mode"},"sceneLighting":false,"audioPlay":false,"sceneViewState":{"showFog":true,"showMaterialUpdate":false,"showSkybox":false,"showFlares":true,"showImageEffects":true,"showParticleSystems":true},"in2DMode":false,"pivot":{"x":-3.270841598510742,"y":2.0761046409606935,"z":-0.1518840789794922},"rotation":{"x":0.21607059240341187,"y":0.7304636836051941,"z":-0.26746776700019839,"w":0.5900930166244507},"size":3.6415023803710939,"orthographic":true}