{"cameraMode":{"drawMode":0,"name":"Shaded","section":"Shading Mode"},"sceneLighting":false,"audioPlay":false,"sceneViewState":{"showFog":true,"showMaterialUpdate":false,"showSkybox":false,"showFlares":true,"showImageEffects":true,"showParticleSystems":true},"in2DMode":false,"pivot":{"x":13.019807815551758,"y":0.5957453846931458,"z":13.30587387084961},"rotation":{"x":0.38612568378448489,"y":-0.5872445702552795,"z":0.3751640319824219,"w":0.6044033765792847},"size":10.0,"orthographic":false}