{"cameraMode":{"drawMode":0,"name":"Shaded","section":"Shading Mode"},"sceneLighting":true,"audioPlay":false,"sceneViewState":{"showFog":true,"showMaterialUpdate":false,"showSkybox":true,"showFlares":true,"showImageEffects":true,"showParticleSystems":true},"in2DMode":false,"pivot":{"x":2.7686054706573488,"y":9.891096115112305,"z":12.269990921020508},"rotation":{"x":0.09865080565214157,"y":0.8986554741859436,"z":-0.33671846985816958,"w":0.2632836103439331},"size":5.3506598472595219,"orthographic":true}