{"cameraMode":{"drawMode":0,"name":"Shaded","section":"Shading Mode"},"sceneLighting":false,"audioPlay":false,"sceneViewState":{"showFog":true,"showMaterialUpdate":false,"showSkybox":false,"showFlares":true,"showImageEffects":true,"showParticleSystems":true},"in2DMode":false,"pivot":{"x":9.063628196716309,"y":0.23999999463558198,"z":1.4365837574005128},"rotation":{"x":-0.03284205496311188,"y":-0.9404734969139099,"z":0.09513001888990402,"w":-0.32465362548828127},"size":1.220751166343689,"orthographic":false}