{"cameraMode":{"drawMode":0,"name":"Shaded","section":"Shading Mode"},"sceneLighting":false,"audioPlay":false,"sceneViewState":{"showFog":true,"showMaterialUpdate":false,"showSkybox":false,"showFlares":true,"showImageEffects":true,"showParticleSystems":true},"in2DMode":false,"pivot":{"x":-34.08346939086914,"y":14.245954513549805,"z":-16.27527618408203},"rotation":{"x":0.16134674847126008,"y":0.4987148642539978,"z":-0.0951051339507103,"w":0.8463183641433716},"size":2.1290693283081056,"orthographic":true}