{"cameraMode":{"drawMode":0,"name":"Shaded","section":"Shading Mode"},"sceneLighting":true,"audioPlay":false,"sceneViewState":{"showFog":true,"showMaterialUpdate":false,"showSkybox":true,"showFlares":true,"showImageEffects":true,"showParticleSystems":true},"in2DMode":false,"pivot":{"x":8.259855270385743,"y":0.2977043688297272,"z":9.146380424499512},"rotation":{"x":0.08428917080163956,"y":0.6563380360603333,"z":-0.07415086776018143,"w":0.7460719347000122},"size":1.362959384918213,"orthographic":true}