{"cameraMode":{"drawMode":0,"name":"Shaded","section":"Shading Mode"},"sceneLighting":false,"audioPlay":false,"sceneViewState":{"showFog":true,"showMaterialUpdate":false,"showSkybox":false,"showFlares":true,"showImageEffects":true,"showParticleSystems":true},"in2DMode":false,"pivot":{"x":9.413619041442871,"y":0.9216892719268799,"z":2.40576434135437},"rotation":{"x":0.005355559289455414,"y":-0.7000532150268555,"z":0.005250588525086641,"w":0.7140505313873291},"size":1.362959384918213,"orthographic":true}