{"cameraMode":{"drawMode":0,"name":"Shaded","section":"Shading Mode"},"sceneLighting":false,"audioPlay":false,"sceneViewState":{"showFog":true,"showMaterialUpdate":false,"showSkybox":false,"showFlares":true,"showImageEffects":true,"showParticleSystems":true},"in2DMode":false,"pivot":{"x":0.33549928665161135,"y":2.2013638019561769,"z":-0.6032562255859375},"rotation":{"x":0.04196322336792946,"y":0.034462977200746539,"z":-0.0014479735400527716,"w":0.998528242111206},"size":4.386294841766357,"orthographic":true}