{"cameraMode":{"drawMode":0,"name":"Shaded","section":"Shading Mode"},"sceneLighting":false,"audioPlay":false,"sceneViewState":{"showFog":true,"showMaterialUpdate":false,"showSkybox":false,"showFlares":true,"showImageEffects":true,"showParticleSystems":true},"in2DMode":false,"pivot":{"x":8.141802787780762,"y":1.2910970449447632,"z":16.732208251953126},"rotation":{"x":-0.1845059096813202,"y":0.8154809474945068,"z":-0.38491272926330569,"w":-0.3909125328063965},"size":2.4219741821289064,"orthographic":true}