{"cameraMode":{"drawMode":0,"name":"Shaded","section":"Shading Mode"},"sceneLighting":false,"audioPlay":false,"sceneViewState":{"showFog":true,"showMaterialUpdate":false,"showSkybox":false,"showFlares":true,"showImageEffects":true,"showParticleSystems":true},"in2DMode":false,"pivot":{"x":9.611406326293946,"y":0.6764771342277527,"z":8.715436935424805},"rotation":{"x":-0.07021494209766388,"y":-0.3937000036239624,"z":0.030178599059581758,"w":-0.9160630106925964},"size":1.3923989534378052,"orthographic":true}