{"cameraMode":{"drawMode":0,"name":"Shaded","section":"Shading Mode"},"sceneLighting":false,"audioPlay":false,"sceneViewState":{"showFog":true,"showMaterialUpdate":false,"showSkybox":false,"showFlares":true,"showImageEffects":true,"showParticleSystems":true},"in2DMode":false,"pivot":{"x":9.063335418701172,"y":0.4964469075202942,"z":3.650487184524536},"rotation":{"x":0.000008355623322131578,"y":0.9999149441719055,"z":0.0006013303063809872,"w":-0.014704455621540547},"size":0.1904306560754776,"orthographic":true}