{"cameraMode":{"drawMode":0,"name":"Shaded","section":"Shading Mode"},"sceneLighting":false,"audioPlay":false,"sceneViewState":{"showFog":true,"showMaterialUpdate":false,"showSkybox":false,"showFlares":true,"showImageEffects":true,"showParticleSystems":true},"in2DMode":false,"pivot":{"x":9.067380905151368,"y":0.48260390758514407,"z":3.5926501750946047},"rotation":{"x":0.001684046583250165,"y":0.7117743492126465,"z":-0.0017081147525459529,"w":0.7024367451667786},"size":0.1668737381696701,"orthographic":true}