{"cameraMode":{"drawMode":0,"name":"Shaded","section":"Shading Mode"},"sceneLighting":true,"audioPlay":false,"sceneViewState":{"showFog":true,"showMaterialUpdate":false,"showSkybox":true,"showFlares":true,"showImageEffects":true,"showParticleSystems":true},"in2DMode":false,"pivot":{"x":3.16355037689209,"y":3.232306480407715,"z":16.494144439697267},"rotation":{"x":-0.1845059096813202,"y":0.8154809474945068,"z":-0.38491272926330569,"w":-0.3909125328063965},"size":10.612554550170899,"orthographic":true}