{"cameraMode":{"drawMode":0,"name":"Shaded","section":"Shading Mode"},"sceneLighting":false,"audioPlay":false,"sceneViewState":{"showFog":true,"showMaterialUpdate":false,"showSkybox":false,"showFlares":true,"showImageEffects":true,"showParticleSystems":true},"in2DMode":false,"pivot":{"x":-46.55726623535156,"y":13.640945434570313,"z":-15.85136604309082},"rotation":{"x":0.06370898336172104,"y":-0.6855570077896118,"z":0.06039692461490631,"w":0.7227402329444885},"size":2.4011266231536867,"orthographic":true}