{"cameraMode":{"drawMode":0,"name":"Shaded","section":"Shading Mode"},"sceneLighting":true,"audioPlay":false,"sceneViewState":{"showFog":true,"showMaterialUpdate":false,"showSkybox":true,"showFlares":true,"showImageEffects":true,"showParticleSystems":true},"in2DMode":false,"pivot":{"x":9.765786170959473,"y":10.653335571289063,"z":-0.9134120941162109},"rotation":{"x":0.3572535514831543,"y":0.01821150630712509,"z":-0.006967322435230017,"w":0.9338048696517944},"size":5.039028644561768,"orthographic":false}