{"cameraMode":{"drawMode":0,"name":"Shaded","section":"Shading Mode"},"sceneLighting":false,"audioPlay":false,"sceneViewState":{"showFog":true,"showMaterialUpdate":false,"showSkybox":false,"showFlares":true,"showImageEffects":true,"showParticleSystems":true},"in2DMode":false,"pivot":{"x":12.810426712036133,"y":0.314389169216156,"z":11.207571029663086},"rotation":{"x":-0.33210989832878115,"y":-0.6533235907554627,"z":0.3884257376194,"w":-0.5585864782333374},"size":0.6663354635238648,"orthographic":false}