{"cameraMode":{"drawMode":0,"name":"Shaded","section":"Shading Mode"},"sceneLighting":false,"audioPlay":false,"sceneViewState":{"showFog":true,"showMaterialUpdate":false,"showSkybox":false,"showFlares":true,"showImageEffects":true,"showParticleSystems":true},"in2DMode":false,"pivot":{"x":9.257247924804688,"y":0.37980788946151736,"z":9.48887825012207},"rotation":{"x":-0.023657601326704027,"y":0.16774752736091615,"z":-0.0040259999223053459,"w":-0.9855414032936096},"size":1.0779218673706055,"orthographic":true}