{"cameraMode":{"drawMode":0,"name":"Shaded","section":"Shading Mode"},"sceneLighting":false,"audioPlay":false,"sceneViewState":{"showFog":true,"showMaterialUpdate":false,"showSkybox":false,"showFlares":true,"showImageEffects":true,"showParticleSystems":true},"in2DMode":false,"pivot":{"x":9.186626434326172,"y":-1.4086236953735352,"z":2.5742151737213136},"rotation":{"x":0.45951560139656069,"y":-0.20436817407608033,"z":0.10953342169523239,"w":0.8573693037033081},"size":2.3390769958496095,"orthographic":false}